name,hp,atk,def,speed,all,lancer,knight,bow,鸱,魇谔丶,重臣特性,登瞿,武具,籍,物,嗜酒
阿喃,65,74,26,33,198,C,B,C,T兵攻絷,,,217,×,×,●,●
f昭,16,19,65,73,173,C,C,C,消沈工作,商I,,223,×,●,×,×
伊籍,29,24,80,86,219,C,C,C,T兵u,商I,商I重,189,×,●,×,▲
尹p,51,44,62,66,223,C,B,B,防化,交涉,,213,×,×,●,▲
尹大目,4,9,33,51,97,C,C,C,攻化,rI,,230,×,×,●,×
尹默,26,15,66,77,184,C,C,C,u挑,rI,,212,×,●,×,×
于禁,84,77,74,57,292,A,A,C,B射,,,184,●,×,×,▲
于,64,76,40,39,219,A,C,C,攻化,巡察,,223,●,×,×,▲
l,69,46,79,78,272,C,C,A,弓兵速攻,商I,,239,×,×,●,▲
袁z,56,40,73,76,245,C,C,B,火攻,文化,,184,×,●,×,▲
袁胤,32,14,39,41,126,C,C,C,弓速化,商I,,184,×,×,●,×
宇,52,61,51,59,223,B,C,C,弓防化,B,,228,×,×,●,●
袁o,30,17,72,83,202,C,B,C,弓攻化,g倒,,184,×,●,×,×
袁熙,66,51,63,65,245,C,C,B,T速化,允,,190,×,●,×,×
行,76,84,66,58,284,B,A,C,T兵守潢,翁,,184,●,×,×,●
柔,71,57,71,73,272,C,A,A,T兵速攻,rI,,189,●,×,×,▲
袁g,44,65,65,16,190,B,C,C,攻裘令,威L,持凶,184,×,×,●,●
袁尚,63,75,42,38,218,B,B,C,鼓舞,,,193,●,×,×,●
袁B,82,69,70,73,294,A,C,A,威L指],攻城,h征o佐,184,×,×,●,●
象,30,27,71,74,202,C,C,C,伪,商I,,187,×,●,×,▲
袁T,60,69,30,35,194,C,C,B,T防化,,,187,×,×,●,▲
圃,29,25,82,79,215,C,C,C,弓速弱化,g倒,,187,×,●,×,×
袁d,41,50,41,51,183,C,C,B,T攻化,B,,191,×,●,×,▲
王威,60,70,62,52,244,B,C,B,兵攻絷,巡察,,192,●,×,×,▲
王允,26,6,68,80,180,C,C,C,伪,文化,持凶,184,×,●,×,●
王基,77,72,86,85,320,A,A,B,兵攻絷,rI,,219,●,×,×,▲
王,69,67,61,70,267,B,A,C,防弱化,rI,,236,●,×,×,▲
王匡,65,55,61,70,251,C,B,B,弓兵攻絷,商I,,184,×,×,●,▲
王I,33,6,35,66,140,C,C,C,攻弱化,rI,,239,×,×,●,▲
王,67,63,71,75,276,C,B,B,T兵速攻,rI,,225,×,●,×,▲
王伉,76,60,61,62,259,C,C,B,周攻,巡察,,215,×,×,●,▲
王,74,71,63,74,282,A,B,A,兵速攻,商I,,240,●,×,×,▲
王粲,15,3,79,80,177,C,C,C,y挑,交涉,,193,×,●,×,×
王,54,27,77,78,236,C,C,B,弓兵守潢,g倒,,187,×,●,×,×
王戎,57,36,72,55,220,C,C,C,T攻弱化,g倒,,253,×,●,×,▲
王C,36,22,76,78,212,C,C,C,u挑,口才,,209,×,●,×,▲
王F,81,73,77,71,302,A,C,A,方A,,,225,●,×,×,●
王祥,23,19,68,78,188,C,C,C,T防弱化,商I,,203,×,×,●,×
^星,63,70,38,33,204,C,C,C,攻裘令,,,184,×,×,●,▲
王p,67,88,19,22,196,B,A,C,T兵突,翁,,219,●,×,×,●
王忠,39,57,21,27,144,C,C,B,弓防弱化,B,,186,×,×,●,▲
王昶,74,64,79,79,296,A,B,A,兵煽,商I,,207,●,×,×,▲
王w,46,59,72,51,228,C,B,C,弓攻弱化,允,,229,×,●,×,▲
王,60,66,46,61,233,C,C,C,速化,,,217,×,×,●,▲
王平,82,78,74,58,292,A,B,A,F壁,允,慎重允,216,●,×,×,▲
王甫,62,41,79,78,260,C,C,B,攻羧趸,商I,,190,●,×,×,▲
王T,65,64,31,41,201,C,A,C,防弱化,,,186,×,×,●,▲
王R,74,64,71,82,291,A,B,A,防R化,商I,,191,×,×,●,▲
王累,28,30,79,80,217,C,C,C,伪,g倒,,192,×,●,×,×
王朗,47,35,79,81,242,C,C,C,弓攻弱化,文化,,184,×,●,×,×
鼗,62,36,74,86,258,B,B,B,攻裘令,交涉,,197,×,●,×,×
何晏,15,30,72,70,187,C,C,C,速攻指],口才,,209,×,●,×,●
蒯越,47,27,82,88,244,B,C,B,y,商I,商I重,184,×,●,×,▲
蒯良,68,33,88,82,271,B,C,A,R射指],商I,和馍,184,×,●,×,▲
ZA,49,65,41,29,184,B,C,C,防化,B,,195,×,×,●,▲
A,20,24,71,78,193,C,C,C,弓防弱化,rI,,236,×,●,×,▲
Z逵,78,61,84,85,308,A,B,A,挑,商I,合理氐,199,×,●,×,▲
何x,56,69,36,10,171,B,C,C,T攻弱化,B,,184,×,×,●,●
A歆,33,33,82,83,231,C,C,C,兵u,g倒,,184,×,●,×,▲
Z,88,48,97,85,318,A,B,A,xg,鬼\,持凶,184,×,●,×,▲
郭奕,33,29,70,76,208,C,C,B,攻化,商I,,201,×,●,×,●
郭嘉,84,15,96,84,279,B,A,C,C略vM,鬼\,持凶,189,×,●,×,●
鄂,65,82,42,21,210,C,B,C,守涿令,翁,,220,●,×,×,●
郭汜,64,76,13,14,167,B,A,C,T兵攻絷,翁,,184,×,×,●,●
肪,53,66,61,42,222,C,C,B,T防化,允,,184,×,×,●,●
霍峻,73,66,73,62,274,B,C,A,弓兵速攻,rI,,197,●,×,×,▲
郝昭,86,79,78,62,305,S,A,B,F壁,允,慎重允,204,●,×,×,×
愤M,80,85,56,51,272,A,A,B,不屈,^,g{,189,●,×,×,×
郭石,59,71,48,42,220,A,B,C,T速弱化,翁,,184,×,×,●,●
肪D,73,75,43,41,232,A,A,C,攻糁],,,210,●,×,×,●
郭D,52,50,82,68,252,C,B,C,弓兵u,口才,,184,×,●,×,▲
郝萌,62,67,42,34,205,C,A,C,攻弱化,B,,184,×,×,●,●
郭攸之,28,9,69,79,185,C,C,C,T速弱化,商I,,209,×,●,×,×
霍弋,73,69,69,74,285,C,C,A,消沈工作,rI,,221,●,×,×,×
郭淮,84,78,82,77,321,A,A,C,方A,,TR{,206,●,×,×,▲
夏侯威,71,73,49,57,250,B,A,B,T兵守潢,B,,218,●,×,×,▲
夏侯Y,91,90,68,61,310,A,A,S,神弓,,弓g{,189,●,×,×,●
夏侯恩,63,72,53,45,233,C,B,C,防R化,巡察,,194,●,×,●,▲
夏侯和,48,51,71,76,246,C,B,C,C化,文化,,221,×,●,×,▲
夏侯惠,50,44,76,73,243,C,B,B,挑,交涉,,220,×,●,×,▲
夏侯玄,54,39,76,86,255,C,C,B,守渲],文化,,222,×,●,×,▲
夏侯尚,79,72,75,65,291,B,B,A,弓兵攻絷,巡察,,199,×,●,×,●
夏侯德,69,73,32,40,214,B,A,C,速弱化,允,,197,×,×,●,●
夏侯,89,91,62,72,314,A,A,B,突M指],巡察,豪猛M,189,●,×,×,●
夏侯霸,79,84,77,55,295,A,A,B,不屈,巡察,,216,●,×,×,▲
夏侯,20,7,4,21,52,C,C,C,T防弱化,rI,,214,×,×,●,●
Z充,54,31,89,85,259,C,C,C,伪,口才,持凶,231,×,●,●,×
何植,15,24,26,27,92,C,C,C,弓速化,文化,,245,×,×,●,▲
何M,39,40,6,41,126,C,C,C,攻糁],商I,,184,×,×,●,●
RR,82,71,82,64,299,A,C,A,弓兵攻絷,交涉,,189,●,×,×,▲
Z,60,62,73,62,257,C,C,B,速攻指],巡察,,221,×,●,×,▲
A雄,84,91,62,42,279,B,S,C,Y志勇,^,豪猛M,184,●,×,×,●
P彝,50,62,44,52,208,C,C,B,T攻化,翁,,233,●,×,×,×
n胤,26,29,65,54,174,C,C,C,T速化,交涉,,184,×,×,●,●
P羽,96,97,73,62,328,S,A,B,神,豪,g{,184,●,×,×,●
桓A,25,26,68,78,197,C,C,C,弓速弱化,商I,,184,×,●,×,×
管亥,70,82,10,5,167,B,A,C,T兵攻絷,翁,,184,●,×,×,●
丘,78,74,55,56,263,A,A,B,攻化,巡察,,220,●,×,×,●
丘秀,58,62,33,38,191,C,B,B,弓防化,B,,225,×,×,●,▲
丘甸,63,60,69,70,262,C,B,B,弓攻化,rI,,238,×,×,●,▲
n玄,22,33,7,4,66,B,C,C,T攻弱化,rI,,184,×,×,●,●
n浩,69,72,68,87,296,B,B,C,守淙趸,,,184,×,●,×,×
Pd,76,86,67,58,287,A,A,B,F壁指],巡察,,213,●,×,×,▲
P索,74,88,56,47,265,B,A,C,T兵突,翁,豪猛M,214,●,×,×,▲
n遂,81,74,83,66,304,B,A,C,特攻,,,184,●,×,×,●
n嵩,25,15,71,77,188,C,C,C,守渲],商I,,184,×,●,×,×
P靖,36,52,73,63,224,C,B,C,T兵速攻,B,,184,×,●,×,×
n暹,69,66,36,18,189,B,C,B,速化,,,184,×,×,●,●
R,43,49,83,86,261,C,C,B,y,rI,h征o佐,201,×,●,×,●
n忠,64,67,18,12,161,B,C,C,T攻化,,,184,×,×,●,▲
Py,63,60,61,63,247,C,C,A,T防化,,,232,●,×,×,▲
n,76,85,61,51,273,A,A,B,逆境指],水,,184,●,×,×,●
n德,63,76,25,16,180,C,A,C,T兵守潢,,,199,×,×,●,▲
甘,92,93,76,18,279,A,A,S,烈⑼,豪,弓g{,194,×,●,●,●
桓,40,11,78,74,203,C,C,C,C化,rI,,218,×,●,×,×
n馥,28,3,27,62,120,C,C,C,弓防弱化,商I,,184,×,×,●,▲
P平,80,84,72,60,296,A,A,B,突M指],B,g{,200,●,×,×,▲
雍,20,32,75,71,198,C,C,C,兵守潢,交涉,和馍,184,×,×,●,●
良,89,92,31,28,240,A,S,C,勇⒉磺,翁,TR{,185,●,×,×,●
魏延,86,89,71,49,295,S,A,B,⒉磺,攻城,g{,194,●,×,×,●
麴x,80,77,51,19,227,C,B,A,慰,,,184,●,×,×,▲
蛑静,63,7,88,73,231,C,C,C,伪,g倒,,184,×,●,×,×
魏m,67,78,31,32,208,B,A,C,攻糁],,,184,×,×,●,●
魏S,52,23,72,78,225,B,C,C,攻化,g倒,,201,×,●,×,▲
魏攸,46,29,74,74,223,C,C,B,速攻指],rI,,184,×,●,×,▲
牛金,72,79,38,40,229,B,A,C,攻化,^,,201,●,×,×,●
丘建,39,52,65,52,208,B,C,C,防化,B,,253,×,×,●,▲
牛o,38,60,21,26,145,C,B,C,T速化,翁,,184,×,×,●,●
丘本,50,41,67,56,214,C,C,B,弓速化,口才,,251,×,×,●,▲
姜S,92,89,90,66,337,A,S,A,Q死指],神速,公正o私,225,×,●,×,●
志,43,53,62,65,223,C,C,B,弓防化,B,,197,×,●,×,▲
蜣,64,69,38,41,212,A,C,B,弓攻化,允,,184,×,×,●,▲
都,59,70,23,22,174,B,B,B,防R化,允,,184,×,×,●,●
蜩,54,45,69,72,240,B,B,C,兵攻絷,商I,,184,×,×,●,▲
Sx,51,74,15,16,156,B,B,C,防弱化,翁,,227,×,×,●,×
S,44,66,64,64,238,C,C,A,攻弱化,B,,184,×,×,●,●
S靖,23,5,68,79,175,B,C,C,兵守潢,商I,,184,×,●,×,×
S褚,74,96,36,20,226,A,B,C,怪力op,翁,慎重允,189,●,×,×,●
S攸,36,21,80,56,193,C,B,C,兵u,口才,,184,×,●,●,▲
[,55,70,58,41,224,B,C,C,弓攻弱化,B,,179,●,×,×,▲
o`,78,83,51,48,260,A,A,C,不,翁,TR{,184,●,×,×,▲
金B,32,38,65,68,203,B,C,C,T兵挑,文化,,197,×,●,×,×
金h三Y,64,76,19,19,178,B,B,C,兵速攻,,,217,×,×,●,●
金旋,52,68,13,29,162,C,C,C,T攻弱化,B,,184,×,×,●,●
虞汜,61,34,74,71,240,C,C,B,攻羧趸,rI,,231,×,●,×,▲
虞翻,43,46,86,81,256,C,C,B,u,文化,,184,×,●,×,●
邢道s,69,80,41,16,206,C,B,C,消沈工作,翁,,193,●,×,×,▲
S正,42,23,68,75,208,C,C,C,慰,口才,,227,×,●,×,×
李,80,81,73,66,300,B,C,A,特攻指],^,g{,184,●,×,×,●
亢,70,74,66,65,275,C,B,C,弓攻化,巡察,,243,●,×,×,▲
谰V,68,71,40,51,230,C,A,C,兵煽,,,184,●,×,×,▲
喇,28,2,71,84,185,C,C,C,伪,rI,,188,×,●,×,×
空,72,79,73,75,299,C,A,B,火攻,商I,,190,×,●,×,×
勒,50,55,39,36,180,B,C,C,速化,攻城,,184,×,×,●,●
腊谆,67,70,23,21,181,B,C,C,T防化,,,184,×,×,●,●
垒,61,78,44,20,203,A,C,B,T速弱化,水,,184,×,×,●,●
擒,79,73,70,70,292,A,B,A,火攻,文化,,185,×,×,●,▲
侯音,76,72,45,28,221,A,B,C,T攻化,,,205,×,×,●,▲
Sw,82,83,73,62,300,A,C,A,特攻指],^,豪猛M,184,●,×,×,●
高,74,56,48,59,237,C,C,A,守渲],攻城,,187,×,×,●,▲
S,75,59,82,79,295,B,C,A,攻糁],交涉,,186,×,●,×,×
S皓,1,1,30,10,42,C,C,C,弓防化,商I,,245,×,×,●,●
高柔,57,43,72,79,251,C,C,B,鼓舞,g倒,,193,×,●,×,×
高,88,87,60,46,281,A,S,C,特攻,攻城,TR{,186,●,×,×,×
高翔,68,68,53,44,233,C,B,B,防化,巡察,,213,●,×,×,▲
高N,67,73,41,21,202,A,B,C,防R化,,,184,×,×,●,▲
S崇,67,63,72,69,271,C,C,A,u挑,巡察,,222,×,×,●,▲
侯成,74,75,68,56,273,B,A,B,C化,巡察,,184,●,×,×,●
侯x,63,66,34,55,218,C,A,C,弓速化,^,,194,×,×,●,●
S祖,74,66,55,38,233,B,C,A,消沈工作,水,,184,●,×,×,●
公O越,74,72,47,54,247,B,A,C,T兵守潢,,,184,●,×,×,▲
公OY,65,70,60,35,230,B,B,C,兵攻絷,神速,,219,●,×,×,●
公O恭,39,17,69,61,186,C,B,C,T速化,g倒,,188,×,×,●,▲
公O康,72,66,65,58,261,C,A,C,煽犹翎,巡察,,186,×,×,●,▲
公O,81,80,71,53,285,B,A,B,T兵速攻,,TR{,184,●,●,×,●
公Om,63,68,57,63,251,C,A,B,攻弱化,巡察,,190,●,×,×,▲
公O度,67,71,66,51,255,B,A,C,攻化,巡察,,184,×,●,×,▲
公O,73,69,66,62,270,C,A,B,弓兵守潢,巡察,,184,×,×,●,▲
S忠,89,95,66,52,302,B,A,S,天弓,豪,弓g{,184,●,×,×,●
孔,26,16,68,78,188,C,C,B,弓速弱化,rI,,184,×,●,×,×
高定,55,63,43,42,203,B,C,C,弓防弱化,B,,209,×,×,●,▲
高堂隆,35,24,76,85,220,C,C,C,速弱化,文化,,210,×,●,×,▲
高沛,66,61,69,57,253,C,C,A,T兵挑,巡察,,189,●,×,×,▲
皇甫嵩,89,61,73,57,280,S,C,A,速防指],,慎重允,184,●,×,×,▲
孔融,30,5,73,75,183,C,C,C,守淙趸,口才,,184,×,●,×,×
高[,76,82,68,55,281,B,A,C,T兵守潢,翁,,184,●,×,×,×
蔷,49,61,23,51,184,C,B,C,弓攻弱化,B,,184,×,×,●,●
Y,50,19,71,86,226,C,C,B,T攻弱化,rI,,184,×,●,×,×
蔷,69,66,52,65,252,B,C,A,速化,水,,184,×,×,●,●
吾,74,72,77,69,292,C,C,A,T攻化,商I,,253,●,×,×,▲
蔷V,48,38,65,65,216,C,C,C,T防化,rI,,235,×,×,●,▲
吾粲,68,41,78,75,262,C,C,A,周攻,交涉,,206,×,●,×,●
胡|,73,46,74,80,273,C,C,B,弓兵煽,商I,,214,●,×,×,●
琴|,16,29,68,57,170,C,C,C,T兵挑,交涉,,196,×,×,●,●
胡,70,82,41,2,195,C,B,C,攻化,翁,,188,●,×,×,●
胡遵,79,76,62,50,267,A,A,C,弓兵煽,巡察,,219,●,×,×,●
胡F,65,74,12,15,166,B,A,C,速攻命令,B,,185,×,×,●,▲
胡,57,39,68,72,236,B,C,B,守涿令,rI,,223,×,×,●,×
T,53,23,77,83,236,C,C,C,防化,g倒,,218,×,●,×,▲
兀突骨,79,86,1,3,169,A,C,B,特攻,神速,,217,×,×,●,●
胡班,55,55,59,50,219,C,C,B,防弱化,B,,198,×,×,●,●
前,74,71,59,45,249,A,B,B,兵守潢,神速,,190,●,×,×,×
胡^,71,76,50,52,249,C,A,C,T兵守潢,B,,236,●,×,×,×
雍,43,18,80,88,229,C,C,C,防R化,rI,合理氐,197,×,●,×,×
翘m,68,80,35,36,219,B,B,C,兵速攻,攻城,,189,●,×,×,●
胡烈,73,67,72,65,277,B,B,A,攻化,巡察,,239,×,×,●,▲
崔琰,18,55,70,83,226,C,C,C,弓速化,攻城,,184,×,●,×,×
蔡和,39,50,1,26,116,C,C,B,速化,文化,,185,×,×,●,▲
蔡中,40,54,2,22,118,C,C,C,T速化,文化,,187,×,×,●,▲
蔡瑁,70,70,77,72,289,B,C,B,兵攻絷,水,,184,×,×,●,●
崔林,32,22,66,78,198,C,C,B,伪,商I,,207,×,●,×,▲
左奕,62,66,51,43,222,C,C,B,防弱化,巡察,,251,●,×,×,▲
笮融,60,69,38,21,188,B,C,C,弓攻弱化,B,,184,×,×,●,●
士壹,48,36,67,74,225,C,C,B,攻弱化,g倒,,184,×,●,×,●
士徽,69,64,44,31,208,A,C,C,攻弱化,巡察,,184,×,×,●,▲
士匡,58,45,64,58,225,C,B,B,防化,g倒,,194,×,×,●,▲
施朔,38,65,47,21,171,C,C,B,弓防化,B,,245,×,×,●,▲
纂,60,72,54,46,232,A,B,C,弓攻化,巡察,,234,●,×,×,▲
士o,63,58,51,52,224,B,B,B,弓防弱化,水,,184,×,×,●,▲
士燮,53,31,76,80,240,C,B,C,火攻,文化,,184,×,●,×,×
司R懿,97,63,98,91,349,S,S,A,鬼\,鬼\,神算鬼\,198,×,●,×,▲
司R炎,69,59,77,79,284,C,B,B,威L指],威L,h征o佐,250,×,×,●,●
司R,79,64,88,82,313,A,B,B,煽犹翎,神速,和馍,222,×,●,×,●
司R昭,76,57,87,88,308,A,B,A,y,口才,兵站管理,225,×,●,×,▲
司R,61,52,61,66,240,C,C,B,T攻弱化,B,,241,×,×,●,▲
司R孚,70,37,77,79,263,B,C,B,慰,文化,,199,×,●,×,×
司R望,78,58,83,71,290,C,B,C,伪,rI,rI重,219,●,×,×,▲
司R攸,71,68,75,77,291,B,B,A,u挑,人德,,253,×,●,×,×
司R朗,20,21,72,82,195,C,C,B,火攻,文化,,190,×,●,×,▲
士武,47,42,64,70,223,C,C,B,弓防弱化,商I,,184,×,●,×,×
,49,49,40,58,196,C,B,C,T防弱化,允,,184,×,×,●,×
沙摩柯,66,84,25,14,189,C,C,A,弓兵攻絷,翁,,206,●,×,●,●
朱,70,73,61,45,249,B,C,B,逆境指],B,,215,●,×,×,▲
周昕,65,62,73,65,265,B,C,A,攻化,巡察,,184,×,×,●,▲
周昂,74,65,65,49,253,C,C,A,C化,巡察,,184,×,×,●,▲
周旨,65,85,41,29,220,C,A,C,T兵攻絷,巡察,,252,×,×,●,▲
周},68,84,42,33,227,B,C,C,方A,B,,184,●,×,×,●
周泰,82,88,48,38,256,A,A,C,仁王立,水,g{,189,●,×,×,▲
州泰,71,64,71,64,270,A,B,B,C尤趸,巡察,,226,×,×,●,▲
周朝,63,68,26,22,179,C,C,A,T攻弱化,攻城,,184,×,×,●,●
周,52,41,80,75,248,C,C,B,弓兵守潢,交涉,,219,×,●,×,●
周瑜,95,71,96,86,348,A,B,S,神火,鬼\,神算鬼\,192,×,●,●,●
朱桓,85,82,77,56,300,A,B,A,大火,水,,196,●,×,×,▲
朱,77,57,72,70,276,A,B,A,防R化,水,,209,●,×,×,▲
朱p,32,35,55,66,188,B,C,C,攻裘令,文化,,196,×,●,×,▲
朱y,84,66,70,71,291,B,B,A,R射指],巡察,兵站管理,184,●,×,×,▲
朱然,79,69,71,60,279,A,C,A,大火,水,,196,●,×,×,▲
朱治,71,56,72,73,272,B,B,A,速攻命令,水,,184,×,●,×,▲
朱褒,68,73,34,32,207,C,C,B,周攻,允,,209,×,×,●,▲
朱`,71,73,67,53,264,B,A,C,y,巡察,,189,×,×,●,×
荀,62,14,95,99,270,C,C,B,王佐,人德,公正o私,189,×,●,×,×
淳于,72,66,29,29,196,B,B,C,T兵攻絷,巡察,,184,●,×,×,●
荀,16,13,70,74,173,C,C,C,T攻化,商I,,226,×,●,×,×
荀,8,19,77,72,176,C,C,C,T防化,商I,,244,×,●,×,×
荀R,34,25,78,78,215,C,C,C,兵煽,口才,,184,×,●,×,▲
荀攸,73,26,94,88,281,B,B,B,大火,口才,兵站管理,184,×,●,×,×
焦彝,62,69,63,42,236,B,B,C,攻化,巡察,,238,●,×,×,●
R毓,32,12,71,76,191,C,C,B,T速化,g倒,,238,×,●,×,▲
Y琬,78,34,84,93,289,B,C,A,兵u,rI,兵站管理,207,×,●,×,▲
R,83,50,91,78,302,B,C,A,煽,g倒,,239,×,×,●,●
Y,19,6,66,64,155,C,C,C,挑,商I,,194,×,●,×,×
Yx渠,71,58,59,51,239,C,B,B,守淙趸,B,,184,×,×,●,▲
YJ,78,84,54,42,258,B,B,A,弓,,,187,×,×,●,●
S周,16,3,67,71,157,C,C,C,T速弱化,rI,,220,×,●,×,×
Y舒,55,76,35,29,195,C,B,C,弓攻化,攻城,,244,●,×,×,▲
焦|,65,76,33,32,206,C,A,C,速攻指],,,184,●,×,×,▲
Y,48,43,85,77,253,C,C,A,,交涉,rI重,207,×,●,×,▲
向,76,61,77,67,281,B,C,A,弓速弱化,巡察,,214,●,×,×,▲
Y班,63,73,62,41,239,B,C,B,弓速化,巡察,,246,●,×,×,▲
Y斌,27,23,64,73,187,C,C,B,弓兵速攻,商I,,230,×,●,×,▲
R繇,70,24,77,93,264,C,B,B,u,文化,和馍,184,×,●,×,×
Rx牧,78,72,73,71,294,C,C,B,弓兵速攻,水,,233,●,×,×,●
向朗,28,18,74,74,194,C,C,B,守涿令,g倒,,196,×,●,×,▲
徐s,81,76,62,43,262,B,A,C,疾指],,,186,●,×,×,●
T葛恪,72,47,90,80,289,B,C,A,B射,g倒,持凶,217,×,×,●,●
T葛,62,27,75,70,234,C,C,A,弓兵攻絷,商I,,218,×,●,×,×
T葛瑾,75,34,81,89,279,C,C,A,u,交涉,商I重,195,×,●,×,▲
T葛均,29,25,52,66,172,C,C,B,弓防化,rI,,209,×,●,×,▲
T葛w,41,40,29,46,156,C,B,C,速化,攻城,,237,×,×,●,▲
T葛尚,64,79,62,55,260,A,B,B,不屈,神速,,253,×,●,×,▲
T葛n,58,63,66,65,252,B,C,B,防化,,,253,×,×,●,▲
T葛瞻,70,57,76,72,275,B,B,A,,兵器,,241,×,●,×,▲
T葛Q,72,72,76,75,295,B,B,A,弓兵速攻,神速,,225,●,×,×,▲
T葛亮,98,38,100,95,331,S,C,S,神算法,鬼\,神算鬼\,209,×,●,×,▲
徐晃,88,91,74,48,301,A,S,B,勇⒉磺,豪,TR{,189,●,×,×,●
徐|,68,83,24,26,201,B,A,C,速弱化,巡察,,226,×,×,●,▲
徐庶,87,64,93,80,324,A,A,A,突糁],鬼\,公正o私,206,●,●,×,●
徐盛,86,81,78,65,310,A,B,A,F壁,允,弓g{,196,×,●,×,▲
徐邈,55,32,68,82,237,C,C,B,弓兵守潢,rI,,190,×,●,×,●
沈,70,77,61,42,250,B,C,B,T攻弱化,允,,253,●,×,×,▲
申x,55,59,60,56,230,C,C,B,弓攻弱化,巡察,,209,×,●,×,▲
任峻,67,60,53,41,221,C,B,B,T防化,巡察,,189,×,●,×,▲
辛敞,50,26,42,68,186,C,C,B,T速化,商I,,224,●,×,×,▲
申耽,56,62,54,41,213,B,C,B,攻化,巡察,,207,×,●,×,▲
配,80,60,83,73,296,B,B,A,B射,允,,185,×,×,●,●
辛,39,24,79,79,221,C,C,B,弓兵煽,g倒,,189,×,●,×,▲
辛u,69,43,77,75,264,A,C,B,攻糁],商I,,184,●,×,×,▲
秦宓,31,7,73,78,189,C,C,C,守渲],rI,,192,×,●,×,●
秦朗,58,70,35,15,178,B,B,C,攻羧趸,翁,,211,●,×,×,●
眭元M,52,68,45,32,197,C,C,B,弓速化,rI,,184,●,×,×,●
眭固,63,71,38,7,179,A,C,B,兵守潢,翁,,184,×,×,●,●
u靖,70,64,66,59,259,A,B,B,弓速化,巡察,,184,×,×,●,●
u丹,61,64,34,37,196,C,A,C,T速化,,,184,×,×,●,▲
成宜,74,72,41,48,235,B,A,C,攻化,神速,,184,×,×,●,●
成公英,73,71,80,62,286,C,A,B,DM化,交涉,,189,×,×,●,●
盛曼,61,68,66,50,245,C,C,A,T攻化,巡察,,244,●,×,×,▲
石苞,69,71,56,53,249,A,B,B,兵攻絷,巡察,,233,●,×,×,▲
薛,49,18,64,74,205,C,C,B,防弱化,商I,,237,×,×,●,▲
薛,17,15,68,72,172,C,C,C,T防弱化,商I,,235,×,●,×,▲
薛C,34,16,73,80,203,C,C,C,守渲],商I,,206,×,●,×,×
全B,61,68,44,32,205,B,C,B,弓防弱化,,,244,×,×,●,●
全,60,63,38,43,204,C,C,B,攻弱化,,,226,●,×,×,●
谓,71,68,43,49,231,B,A,C,周攻,,,184,×,×,●,▲
全尚,2,4,12,41,59,C,C,C,防弱化,rI,,227,×,×,●,▲
全琮,78,72,75,61,286,A,C,A,防R化,rI,,202,×,×,●,●
全端,67,64,39,37,207,B,C,C,慰,,,218,×,×,●,●
曹宇,50,43,37,52,182,B,C,C,慰,文化,,213,×,●,×,×
曹,72,52,82,82,288,B,B,A,B射,威L,和馍,219,×,×,●,●
曹J,30,28,30,45,133,C,C,C,周攻,文化,,253,×,×,●,▲
曹羲,30,26,50,53,159,C,C,B,弓攻化,文化,,224,×,●,×,×
曹休,74,75,62,56,267,B,A,A,特攻指],神速,,189,●,×,×,●
曹,18,34,11,13,76,C,B,C,弓防化,文化,,226,×,×,●,●
宋,68,77,38,27,210,B,C,A,弓兵速攻,神速,,184,×,×,●,●
宋t,66,78,42,39,225,C,B,C,T兵攻絷,巡察,,194,●,×,×,▲
曹昂,74,67,69,68,278,B,B,C,DM化,神速,,189,●,×,×,×
曹洪,79,81,44,35,239,B,A,A,R射指],,,189,×,×,●,●
臧洪,72,81,65,24,242,A,B,B,兵速攻,巡察,,184,●,×,×,●
曹,75,71,63,35,244,B,A,C,T兵速攻,,,189,●,×,×,▲
曹彰,83,89,40,35,247,A,A,C,T兵突,神速,豪猛M,204,●,×,×,●
曹植,33,22,81,70,206,C,C,C,,文化,h征o佐,206,×,●,×,●
曹真,83,75,74,73,305,B,A,B,疾指],允,慎重允,204,●,×,×,▲
曹仁,89,86,63,47,285,A,A,B,F壁,^,慎重允,189,●,×,×,▲
曹性,54,74,38,27,193,C,B,A,弓兵守潢,翁,,184,×,×,●,●
曹操,99,72,92,91,354,A,A,A,勇略指],威L,合理氐,184,●,●,×,●
曹爽,39,33,30,66,168,C,B,C,T兵速攻,商I,,221,×,×,●,●
曹_,31,21,85,79,216,C,C,C,y,口才,和馍,207,×,●,×,×
臧霸,78,75,53,56,262,A,A,C,消沈工作,神速,,184,●,×,×,▲
曹丕,70,71,83,86,310,B,B,A,速防指],威L,兵站管理,200,×,●,×,▲
曹豹,54,69,32,21,176,B,B,B,C尤趸,B,,184,×,×,●,×
曹芳,20,14,27,48,109,C,C,C,鼓舞,文化,,239,×,×,●,●
曹髦,54,61,59,75,249,A,B,C,兵速攻,文化,,253,×,●,×,×
曹熊,9,5,52,64,130,C,C,C,C尤趸,商I,,209,×,●,×,×
沮授,78,35,90,89,292,B,A,A,伪,g倒,,185,×,●,×,×
Kw,69,63,66,62,260,C,C,B,兵挑,巡察,,191,×,×,●,●
祖茂,70,71,66,53,260,C,B,C,T兵攻絷,神速,商I重,184,×,×,●,●
K由,50,59,49,41,199,C,C,B,C尤趸,B,,184,×,×,●,▲
O,69,71,55,62,257,B,C,A,C尤趸,水,,237,●,×,×,▲
O和,31,39,68,71,209,C,B,A,兵煽,rI,,238,×,●,×,●
O桓,84,73,76,68,301,B,C,A,逆境指],允,慎重允,216,●,×,×,●
O^,72,78,51,39,240,B,A,C,防弱化,神速,,184,×,×,●,▲
O冀,60,67,51,60,238,B,C,B,C尤趸,,,246,×,×,●,▲
O休,57,42,78,76,253,C,C,C,C化,rI,,249,×,●,×,●
O匡,52,46,44,65,207,B,C,B,T攻弱化,水,,200,×,×,●,●
O歆,66,69,35,38,208,B,C,B,T防弱化,水,,249,●,×,×,●
O乾,34,33,79,84,230,C,C,C,兵u,交涉,和馍,184,×,●,×,●
O,94,90,79,73,336,S,A,C,{子^迅,威L,豪猛M,184,●,×,×,●
O,79,67,80,89,315,B,B,A,允刂],商I,和馍,196,×,●,×,●
O皎,77,72,67,71,287,B,C,A,弓,水,,200,●,×,×,▲
O皓,41,73,71,23,208,C,C,C,特攻指],水,,253,×,×,●,●
O策,96,91,76,70,333,A,S,B,小霸王,豪,TR{,189,●,×,×,●
O秀,55,51,53,57,216,B,C,A,T防弱化,水,,249,×,×,●,▲
O峻,64,70,65,26,225,B,C,B,鼓舞,水,,238,●,×,×,●
O韶,77,76,77,67,297,B,A,C,消沈工作,水,,207,●,×,×,●
Oo,66,53,73,71,263,C,C,B,攻糁],水,,184,×,●,×,×
O仲,62,71,36,8,177,B,B,C,守渲],攻城,,184,×,×,●,●
OD,58,55,65,17,195,B,C,C,兵守潢,水,,250,×,×,●,●
O登,62,37,79,80,258,B,C,A,弓兵u,商I,,223,×,●,×,×
O瑜,77,70,68,69,284,A,B,A,守涿令,水,,191,×,●,×,×
O翊,67,78,27,16,188,A,A,C,速攻命令,水,,198,●,×,●,●
O亮,32,26,70,76,204,C,C,B,兵煽,水,,253,×,●,×,●
OY,78,81,67,73,299,B,A,C,火攻,翁,,204,×,●,×,×
O朗,34,43,30,40,147,C,C,B,弓防化,rI,,201,×,×,●,●
戴T,38,52,43,48,181,B,C,B,防化,巡察,,180,×,●,×,×
太史享,57,66,48,59,230,C,B,C,速攻指],水,,207,×,×,●,▲
太史慈,90,93,69,58,310,B,A,S,Y⒂萝S,,弓g{,185,●,×,×,▲
矶粗,51,53,54,43,201,C,C,B,攻弱化,,,217,×,×,●,●
戴陵,70,75,39,48,232,B,A,C,攻羧趸,水,,218,×,×,●,●
朵思大王,62,59,70,54,245,C,C,A,y,口才,,217,×,●,×,●
T雄,58,73,14,20,165,A,B,C,兵守潢,允,,207,●,×,×,▲
允,72,67,42,56,237,C,C,A,弓兵守潢,水,,187,●,×,×,●
w,92,96,75,65,328,A,S,A,Y志豪,豪,豪猛M,187,●,×,×,▲
l,74,66,45,44,229,C,C,B,弓兵速攻,水,,191,×,×,●,×
英,75,74,41,34,224,A,C,B,兵速攻,,,184,×,×,●,▲
燕,76,81,57,48,262,B,A,C,疾指],神速,,184,●,×,●,●
M,59,70,23,24,176,C,A,C,守淙趸,B,,197,×,×,●,●
,32,10,72,78,192,C,C,C,火攻,交涉,,210,×,●,×,×
A,36,27,78,79,220,C,C,C,攻化,商I,,251,×,×,●,×
G,34,66,8,1,109,B,C,C,弓兵挑,攻城,,184,×,×,●,●
角,87,25,86,80,278,A,C,A,太平要g,文化,公正o私,184,×,●,×,▲
既,74,35,76,88,273,C,A,B,F壁指],交涉,和馍,189,×,●,×,×
休,63,27,74,80,244,C,C,B,T兵u,商I,,222,×,●,×,×
球,69,72,44,30,215,C,A,C,攻化,水,,220,●,×,×,▲
e,79,75,56,48,258,B,A,B,攻羧趸,巡察,,184,×,×,●,▲
嶷,79,72,75,77,303,A,C,A,弓兵攻絷,巡察,,209,●,×,×,●
,72,68,41,39,220,B,C,C,T速弱化,,,184,×,×,●,▲
虎,75,74,51,34,234,B,A,B,逆境化,神速,,209,×,×,●,▲
,24,22,86,95,227,C,C,C,y,rI,和馍,194,×,●,×,×
A,89,89,73,57,308,A,S,C,⒉磺,B,TR{,184,●,×,×,▲
wV,67,71,53,53,244,C,A,B,T防弱化,神速,,224,×,●,×,×
w弘,66,72,28,22,188,B,B,C,弓速弱化,,,184,×,×,●,●
C,80,75,64,45,264,C,A,B,T兵突,,TR{,184,×,×,●,●
,76,29,80,74,259,C,C,B,弓兵守潢,g倒,,215,×,●,×,×
,73,81,60,36,250,B,A,B,T兵速攻,,,184,●,×,×,▲
遵,63,68,66,59,256,B,C,B,弓攻化,巡察,,238,●,×,×,●
昭,33,3,84,97,217,B,C,C,y挑,商I,合理氐,194,×,●,×,●
松,25,6,88,82,201,C,C,C,y挑,g倒,,189,×,●,×,●
B,23,56,31,59,169,C,C,C,守淙趸,B,,216,×,×,●,●
承,77,70,75,73,295,B,C,A,速弱化,商I,,197,●,×,×,×
任,83,80,78,59,300,A,C,A,逆境化,,弓g{,188,●,×,×,▲
,70,66,55,53,244,C,A,C,速弱化,,,184,●,×,×,▲
_,43,56,34,22,155,C,B,B,T攻化,B,,189,×,×,●,×
超,65,71,62,35,233,C,C,A,弓兵煽,,,184,●,×,×,▲
悌,67,43,80,78,268,A,C,B,慰,g倒,rI重,253,×,●,×,×
wy,68,67,61,54,250,B,A,B,弓攻弱化,神速,,223,●,×,×,×
特,73,54,75,66,268,C,C,B,T防化,B,,228,●,×,×,▲
南,57,71,46,34,208,C,A,C,弓攻化,允,,187,×,×,●,▲
邈,52,53,71,74,250,C,C,A,攻裘令,商I,,184,×,×,●,●
w,28,21,32,58,139,C,B,C,弓防化,rI,,187,×,×,●,●
w,90,98,30,22,240,S,A,C,f人,翁,豪猛M,184,●,×,×,●
布,31,24,71,66,192,C,C,C,速化,rI,,244,×,●,×,●
,80,71,81,76,308,A,B,A,妖g,,,184,×,×,●,×
苞,78,87,48,46,259,A,A,B,不,神速,,212,●,×,×,●
曼成,75,81,45,47,248,A,B,C,特攻,,,184,●,×,×,●
,72,70,66,58,266,C,A,B,防化,,,184,●,×,×,▲
翼,75,74,76,72,297,B,C,A,恢褪,,,207,●,×,×,×
梁,78,80,74,56,288,A,A,C,妖g,,,184,×,×,●,▲
|,94,92,78,58,322,A,S,B,⒓豺,豪,TR{,188,●,×,×,▲
w累,70,43,68,74,255,B,C,A,恢褪,商I,,202,×,●,×,×
,51,26,74,78,229,B,C,B,恢褪,rI,rI重,184,×,●,×,×
,62,72,45,27,206,A,C,C,兵攻絷,,,203,×,×,●,▲
M,64,63,26,35,188,C,C,B,挑,,,184,×,×,●,▲
o,58,65,43,48,214,C,C,B,T速化,B,,184,×,●,×,▲
m,83,55,89,83,310,A,B,B,y,g倒,持凶,189,×,●,×,▲
C,61,27,77,83,248,C,C,A,恢褪,rI,,194,×,●,×,×
群,32,14,75,96,217,C,C,C,後方支援,文化,合理氐,186,×,●,×,×
,30,4,82,77,193,C,C,C,弓兵u,交涉,和馍,184,×,●,×,●
q,72,71,65,57,265,A,B,C,兵守潢,巡察,,233,●,×,×,×
o,38,35,81,84,238,C,B,B,弓攻化,交涉,,236,×,●,×,▲
,12,22,60,75,169,C,C,C,T速化,文化,,252,×,●,×,▲
式,70,71,25,23,189,B,B,C,速攻命令,,,210,●,×,×,●
震,46,46,69,76,237,C,C,B,恢褪,g倒,,189,×,●,×,▲
泰,84,77,86,78,325,A,A,A,F壁指],,,224,×,●,×,×
登,79,64,81,80,304,B,C,A,逆境指],商I,慎重允,188,×,×,●,●
到,76,71,67,53,267,A,A,B,攻糁],,,194,●,×,×,×
表,66,42,74,76,258,C,C,B,周攻,交涉,,218,×,●,×,▲
武,72,84,44,41,241,A,C,C,特攻,水,,195,●,×,×,▲
m,66,69,40,24,199,B,C,C,弓防化,,,184,×,×,●,●
琳,25,9,75,78,187,C,C,C,煽犹翎,文化,,184,×,●,×,×
程昱,70,49,90,79,288,A,C,C,,g倒,合理氐,189,×,●,●,▲
程h志,69,74,17,24,184,A,A,C,消沈工作,,,184,×,×,●,●
丁x,15,5,64,72,156,C,C,C,守渲],商I,,203,×,●,×,●
程y,69,73,40,36,218,C,A,C,速攻指],神速,,184,×,×,●,▲
丁原,70,76,35,40,221,C,A,B,攻裘令,巡察,,184,●,×,×,▲
程普,84,79,79,74,316,A,B,A,F壁指],,,184,×,●,×,▲
程武,56,35,75,71,237,B,C,C,守涿令,g倒,,215,×,×,●,▲
程秉,16,15,71,72,174,C,C,C,兵挑,g倒,,191,×,●,×,×
丁封,66,66,53,39,224,A,B,C,攻化,,,217,×,×,●,▲
丁奉,81,80,75,55,291,A,A,B,R射指],,,207,●,×,×,▲
典f,72,95,35,29,231,B,C,C,仁王立,翁,g{,189,●,×,×,●
田楷,68,65,58,61,252,C,A,B,攻弱化,巡察,,184,●,×,×,▲
田m,47,60,55,15,177,B,B,C,弓速化,B,,237,×,×,●,▲
田,66,66,73,76,281,C,B,B,攻羧趸,巡察,,188,×,●,×,×
田S,72,29,93,87,281,A,C,B,大火,交涉,公正o私,184,×,●,×,×
典M,51,73,39,26,189,C,C,C,守淙趸,翁,,195,●,×,×,▲
田豫,80,72,80,78,310,B,A,A,C化,,,189,×,●,×,×
董允,47,28,79,88,242,C,C,B,火攻,商I,商I重,214,×,●,×,×
滕胤,29,41,71,76,217,C,C,B,兵煽,商I,,221,×,●,×,▲
董和,57,34,75,87,253,C,C,A,防R化,商I,,187,×,●,×,×
艾,93,87,89,81,350,S,A,A,突糁],攻城,慎重允,216,×,●,×,▲
h均,33,24,77,59,193,B,C,C,速化,g倒,,248,×,●,×,▲
董厥,65,59,76,78,278,C,C,A,T速弱化,文化,,223,×,●,×,×
陶t,51,27,64,63,205,C,C,B,消沈工作,商I,,184,×,×,●,×
t,61,73,45,36,215,B,C,B,弓速弱化,攻城,,208,×,×,●,▲
唐咨,61,71,50,52,234,A,C,B,u挑,,,225,×,×,●,▲
芝,73,52,81,85,291,B,B,A,笊,口才,和馍,201,×,●,×,▲
董u,72,85,50,48,255,A,C,B,C化,巡察,,188,×,×,●,▲
滕,44,32,31,71,178,C,C,B,攻化,rI,,247,×,×,●,▲
陶F,65,66,46,44,221,C,C,B,防化,,,253,×,×,●,▲
董承,56,53,65,63,237,C,B,C,防弱化,B,,184,×,●,×,×
董昭,34,25,80,82,221,C,C,C,T兵煽,交涉,,184,×,●,×,×
董卓,87,86,73,59,305,C,A,A,威L指],威L,豪猛M,184,×,×,●,●
忠,76,86,69,55,286,A,A,B,逆境化,,,244,●,×,×,×
董朝,17,13,56,71,157,C,C,C,T防化,rI,,240,×,×,●,▲
董荼那,68,73,31,37,209,B,C,C,速弱化,,,217,●,×,×,▲
董F,49,60,25,12,146,C,B,C,T攻化,,,184,×,×,●,●
茂,61,75,29,17,182,B,A,C,T兵煽,,,184,×,×,●,●
杜畿,66,32,75,87,260,C,C,B,恢褪,rI,,184,×,●,×,▲
杜A,89,30,86,80,285,A,C,S,速防指],神速,兵站管理,241,×,●,×,●
裴元B,49,65,25,27,166,B,C,C,弓攻化,B,,184,×,×,●,●
裴秀,8,9,70,79,166,C,C,C,T防化,交涉,,243,×,×,●,×
R玩,71,74,16,23,184,B,A,C,T兵攻絷,神速,,189,●,×,×,●
R休,68,73,48,45,234,B,A,C,T兵速攻,,,192,●,×,×,×
Rx,22,17,71,60,170,C,C,C,守淙趸,兵器,,219,×,●,×,×
波才,74,74,55,25,228,A,C,C,兵速攻,,,184,×,×,●,▲
R遵,38,52,31,51,172,C,B,C,T防弱化,B,,214,×,×,●,▲
Rq,61,67,87,68,283,B,B,B,笊,g倒,持凶,209,×,●,×,×
R岱,79,85,62,54,280,B,A,B,T兵突,翁,,197,●,×,×,▲
R忠,78,72,68,78,296,C,C,B,攻化,巡察,,205,×,×,●,▲
R超,91,96,44,26,257,A,S,C,猛⑼,豪,豪猛M,189,●,×,×,●
RF,70,62,58,52,242,C,A,B,T兵守潢,,,193,●,×,×,▲
Rv,80,83,84,58,305,B,A,C,疾指],神速,慎重允,184,●,×,×,●
R邈,34,12,44,35,125,C,C,C,T兵速攻,商I,,240,×,×,●,×
R良,53,23,88,91,255,C,C,B,後方支援,交涉,和馍,206,×,●,×,×
f,21,25,71,65,182,C,C,C,速化,交涉,,253,×,●,×,▲
范,49,50,36,38,173,C,C,A,防化,攻城,,188,●,×,×,×
樊建,41,24,71,77,213,C,C,B,T兵煽,rI,,224,×,×,●,×
潘F,61,18,68,82,229,C,C,C,攻糁],交涉,,193,×,●,×,×
潘璋,76,80,74,28,258,B,B,A,不,,,196,●,×,×,▲
樊稠,66,73,31,24,194,C,A,C,守淙趸,,,184,×,×,●,●
樊能,69,61,36,31,197,C,C,B,弓防化,,,184,×,×,●,▲
潘P,56,77,4,14,151,C,B,C,DM化,翁,,184,●,×,×,▲
MB,77,30,83,92,282,B,C,A,弓兵u,rI,rI重,212,×,●,×,●
卑衍,60,66,21,30,177,C,B,B,弓速化,,,214,×,×,●,▲
M,18,28,65,74,185,C,C,C,u挑,g倒,,195,×,×,●,×
糜竺,33,29,78,83,223,C,C,B,T兵煽,rI,rI重,184,×,●,×,×
糜芳,54,61,32,23,170,B,C,B,T兵煽,B,,188,×,×,●,●
M耀,70,66,73,62,271,B,B,C,火攻,巡察,,211,×,×,●,▲
武安,70,83,34,33,220,B,B,C,守涿令,翁,,184,●,×,×,▲
T,72,71,39,41,223,A,B,C,慰,允,,201,×,×,●,▲
傅嘏,44,35,81,82,242,C,C,B,弓兵挑,口才,,228,×,●,×,▲
傅士仁,46,63,37,24,170,C,C,B,攻化,B,,201,×,×,●,●
傅L,73,85,76,46,280,B,A,C,攻羧趸,巡察,,230,●,×,×,×
傅巽,29,13,70,72,184,C,C,C,守渲],g倒,,184,×,●,×,×
傅彤,66,72,46,42,226,B,B,C,T防化,允,,207,●,×,×,▲
文,76,91,65,32,264,B,S,A,Y志勇,豪,TR{,236,●,×,×,●
文J,74,83,43,34,234,A,B,B,特攻,攻城,,217,●,×,×,●
文虎,66,72,45,30,213,B,B,C,T攻化,水,,241,●,×,×,●
文h,88,93,28,25,234,S,A,A,⒉磺,翁,g{,185,●,×,×,●
文聘,81,82,69,69,301,A,C,B,弓,,,197,●,×,×,▲
卞喜,56,70,62,37,225,B,C,B,防R化,B,,184,×,×,●,●
方,68,80,44,46,238,A,B,C,防弱化,巡察,,184,×,×,●,▲
,69,75,49,42,235,B,A,C,不,攻城,,219,×,×,●,×
忙牙L,45,79,3,2,129,A,B,C,C化,B,,217,●,×,×,▲
逢o,43,21,84,70,218,C,C,C,T兵煽,g倒,,185,×,×,●,●
羲,60,38,69,74,241,C,C,B,周攻,交涉,,184,×,×,●,●
U信,77,67,81,73,298,B,C,B,速攻指],巡察,,184,●,×,×,▲
法正,84,47,94,78,303,C,C,A,u,g倒,持凶,195,×,×,●,●
y,86,34,97,85,302,B,C,C,Bh,鬼\,神算鬼\,209,×,●,×,●
德,89,94,75,44,302,B,S,A,Y志勇,,TR{,184,●,×,×,▲
U隆,58,76,49,23,206,B,C,A,T速弱化,允,,202,×,×,●,×
步f,71,49,69,63,252,C,C,A,攻弱化,交涉,,230,×,×,●,×
穆,52,77,11,21,161,C,B,C,T兵守潢,翁,,184,×,×,●,▲
濮d,37,32,70,72,211,C,C,C,兵挑,rI,,243,×,●,×,▲
木鹿大王,65,71,39,6,181,C,C,C,攻裘令,,,216,×,×,●,●
步s,72,51,84,86,293,C,C,A,弓速弱化,rI,合理氐,196,×,●,×,×
步U,71,60,71,64,266,C,C,B,弓兵挑,交涉,,236,×,×,●,●
M,85,64,82,84,315,A,C,A,F壁指],,,189,×,×,●,×
毛d,63,39,60,78,240,C,C,B,弓速弱化,rI,,184,×,●,×,×
孟@,82,87,42,45,256,B,C,C,特攻指],,豪猛M,212,×,×,●,●
孟建,73,31,80,86,270,B,B,B,弓兵挑,rI,,209,×,●,×,●
孟宗,47,28,72,78,225,C,C,B,T攻化,rI,,235,×,×,●,▲
孟_,75,73,75,66,289,B,C,A,逆境化,神速,,191,×,×,●,●
孟,50,68,22,18,158,B,C,C,速化,水,,215,×,×,●,●
俞涉,62,79,24,23,188,B,A,C,T兵攻絷,,,184,●,×,×,●
,62,68,68,62,260,C,C,B,攻化,巡察,,186,×,×,●,▲
雍G,73,75,57,56,261,A,C,C,C化,巡察,,207,×,×,●,●
x,68,40,82,79,269,C,C,B,弓兵u,g倒,,209,×,×,●,●
钚,61,68,61,58,248,A,B,C,T防化,巡察,,239,×,●,×,×
羊祜,90,64,84,87,325,S,A,A,略支援,,g{,240,×,●,×,●
詈,33,15,77,60,185,C,C,C,鼓舞,商I,,184,×,●,×,▲
畎,68,72,38,35,213,B,B,B,弓兵攻絷,,,191,×,×,●,▲
,67,68,71,66,272,B,B,B,T速化,巡察,,245,×,×,●,▲
钺h,52,65,40,22,179,B,B,C,火,B,,184,×,×,●,●
蠲,25,4,83,79,191,C,C,C,笊,g倒,,194,×,●,×,×
钋,67,64,60,63,254,C,A,B,T防弱化,巡察,,191,●,×,×,▲
钏,17,5,28,34,84,C,C,C,防弱化,商I,,186,×,×,●,●
钊,70,78,56,40,244,C,B,B,恢褪,巡察,,189,●,×,×,×
铎,53,61,36,32,182,B,B,C,弓攻弱化,B,,221,×,×,●,▲
钫,70,65,68,62,265,A,B,A,弓攻化,巡察,,242,×,×,●,×
畎,44,45,19,26,134,B,C,C,弓防化,商I,,189,×,×,●,▲
罡,67,50,83,78,278,C,B,B,速攻指],g倒,,197,×,●,×,×
罘,66,65,31,14,176,B,B,C,弓防弱化,,,184,●,×,×,▲
钿h,54,62,53,40,209,C,C,C,防化,B,,213,×,×,●,●
雷~,69,78,51,37,235,B,B,C,兵攻絷,,,191,●,×,×,▲
雷薄,62,70,36,11,179,A,C,C,兵守潢,,,184,×,×,●,×
y,76,58,75,77,286,B,C,A,攻化,rI,,207,×,×,●,×
_,84,70,77,72,303,B,C,A,守涿令,,,237,●,×,×,×
李,63,77,19,18,177,A,B,C,兵速攻,水,,206,●,×,×,▲
李恢,79,65,79,77,300,B,C,A,弓兵守潢,文化,,194,×,×,●,×
李,69,72,24,1,166,B,A,C,T兵攻絷,B,,184,×,×,●,●
李堪,58,69,33,37,197,C,A,C,弓速化,B,,195,×,×,●,×
P,65,61,79,85,290,C,C,B,,商I,,217,×,●,×,×
抗,91,63,87,85,326,A,C,S,猛射指],,弓g{,240,×,●,×,●
,20,7,72,72,171,C,C,C,火炎,商I,商I重,206,×,●,×,×
d,94,69,95,87,345,A,C,S,烈火,鬼\,神算鬼\,202,×,●,×,▲
李,81,80,76,74,311,B,C,A,弓,巡察,弓g{,191,×,×,●,●
李儒,61,26,93,75,255,C,B,C,煽,g倒,持凶,184,×,●,●,▲
李C,46,69,61,45,221,C,B,C,攻弱化,g倒,,184,×,×,●,●
李,12,22,29,69,132,C,C,C,T攻化,商I,,220,×,×,●,▲
李通,73,81,62,63,279,A,A,C,速攻指],巡察,,187,●,×,×,▲
李典,78,77,79,74,308,A,B,A,攻裘令,,,189,●,×,×,▲
李S,69,74,50,22,215,C,C,A,速攻命令,攻城,,184,×,×,●,×
⒀,53,38,80,81,252,C,C,B,u,g倒,,184,×,×,●,●
Y,71,73,67,44,255,C,C,A,消沈工作,,,189,×,×,●,▲
㈢,52,12,63,71,198,C,C,B,攻羧趸,商I,,188,×,×,●,×
⒂,55,33,70,78,236,C,B,C,防弱化,文化,,184,×,●,×,×
,47,63,35,16,161,C,C,B,火,rI,,184,×,×,●,▲
①t,54,66,51,40,211,B,B,C,火,rI,,202,×,×,●,▲
留,78,81,64,57,280,A,B,C,速防指],翁,,202,●,×,×,●
⒀,63,46,41,50,200,C,C,B,速弱化,允,,198,●,×,×,▲
㈣,31,5,34,38,108,C,C,C,兵守潢,文化,,184,×,×,●,●
③,68,53,74,79,274,A,B,A,恢褪,rI,,212,×,●,×,×
⒇,45,65,33,33,176,B,C,C,火,允,,234,●,×,×,×
⒅R,60,62,70,73,265,B,C,B,速攻命令,rI,,252,×,×,●,×
⒍U,34,19,30,35,118,C,C,C,天衣op,人德,,221,×,×,●,●
㈢,24,22,65,65,176,C,C,B,T防弱化,文化,,207,×,×,●,×
⑨,53,65,32,54,204,B,B,C,T兵u,,,184,●,×,×,▲
⒍,25,23,26,49,123,C,C,B,弓攻弱化,商I,,187,×,×,●,▲
巴,29,22,75,81,207,C,C,C,鼓舞,商I,,205,×,●,×,×
⑴,69,76,47,43,235,A,C,C,火炎,,,188,●,×,×,▲
,80,77,78,80,315,A,B,A,大x指],人德,h征o佐,184,●,×,●,●
⒈,48,31,72,81,232,C,C,B,守涿令,文化,商I重,184,×,●,×,●
馥,64,49,74,87,274,B,C,A,後方支援,rI,rI重,184,×,×,●,▲
留平,70,71,68,57,266,B,C,C,弓防弱化,巡察,,232,×,×,●,×
⒈,70,72,47,34,223,A,B,C,火炎,rI,,184,●,×,×,▲
⒎,75,79,44,50,248,A,A,C,火炎,,,206,●,×,×,▲
,56,32,92,73,253,C,C,C,u,兵器,公正o私,193,×,●,×,×
Ⅳ,62,67,46,70,245,B,B,C,攻弱化,rI,,184,×,×,●,×
留略,71,66,59,46,242,C,C,A,火炎,巡察,,220,●,×,×,▲
瓮璜,58,63,29,39,189,B,B,C,火,B,,188,●,×,×,×
廖化,73,76,69,49,267,A,B,C,攻糁],,,184,×,×,●,▲
梁d,61,65,19,22,167,C,A,C,火,攻城,,188,×,×,●,▲
梁V,60,69,41,22,192,B,C,B,火,,,184,×,×,●,▲
梁,73,40,74,87,274,C,A,C,T兵突,rI,rI重,187,×,●,×,×
梁w,56,62,66,68,252,B,B,B,火,B,,217,×,×,●,▲
凌操,75,81,42,35,233,B,A,C,方A,水,,184,●,×,×,▲
凌y,77,89,60,40,266,B,A,C,B,水,豪猛M,203,●,×,×,▲
廖立,32,15,76,78,201,C,C,C,速攻命令,商I,,200,×,●,×,●
P,53,30,67,77,227,C,C,C,防R化,g倒,,213,×,●,×,×
,78,69,71,62,280,C,C,A,T速弱化,商I,,210,●,×,×,▲
悟,57,70,62,72,261,B,C,A,弓兵速攻,商I,,192,×,×,●,▲
,56,70,13,22,161,C,B,C,守涿令,,,184,×,×,●,▲
蜗,54,71,12,19,156,C,B,C,火炎,B,,184,●,×,×,▲
吾,75,71,70,75,291,A,C,A,火炎,rI,,184,●,×,×,×
喂,73,63,75,75,286,B,C,A,火炎,商I,,188,×,●,×,●
尾,91,100,26,13,230,A,S,S,天下op,翁,TR{,184,●,×,●,●
蚊,93,81,89,78,341,S,B,B,攻守指],,g{,193,×,●,×,▲
直,46,42,73,64,225,C,B,C,弓防化,交涉,,214,×,●,×,▲
冷苞,71,82,61,37,251,C,C,A,弓兵攻絷,巡察,,205,×,×,●,▲
涔,52,13,87,67,219,C,C,C,守淙趸,商I,持凶,184,×,×,●,▲
切,23,22,67,77,189,C,C,C,火,商I,,242,×,●,×,▲
淑,73,53,74,76,276,C,C,A,火炎,商I,,226,×,×,●,×
C,85,56,92,90,323,A,C,A,略支援,人德,和馍,191,×,●,×,●
R植,78,63,82,85,308,B,B,B,攻裘令,文化,公正o私,184,×,●,×,×
祝融,74,85,29,24,212,A,B,C,B,翁,豪猛M,214,●,×,×,●
王,73,51,82,68,274,C,B,B,y,g倒,和馍,190,×,●,×,●
王元姬,53,37,73,75,238,C,A,B,速防指],交涉,,231,×,●,×,×
郭氏,42,4,69,64,179,C,C,C,速弱化,商I,,202,×,×,●,×
夏侯氏,34,13,42,68,157,C,B,B,周攻,rI,,200,×,×,●,▲
夏侯令女,46,53,74,71,244,C,C,B,慰,商I,,221,×,●,×,▲
何氏,51,34,67,73,225,B,B,B,弓兵煽,商I,商I重,184,×,×,●,▲
花N,69,82,32,26,209,A,B,C,逆境化,神速,,223,●,×,×,●
Py屏,73,78,42,24,217,A,A,B,B,神速,g{,218,●,×,×,▲
甘氏,47,3,48,60,158,C,C,B,DM化,rI,,189,×,×,●,×
S月英,58,31,88,87,264,C,C,A,弓兵速攻,兵器,合理氐,209,×,●,×,▲
太,30,21,70,74,195,C,C,C,消沈工作,水,,184,×,×,●,●
蔡琰,61,11,77,80,229,C,B,C,T兵守潢,文化,合理氐,184,×,●,×,▲
蔡氏,38,7,70,58,173,C,C,C,鼓舞,文化,,184,×,×,●,▲
小,40,12,74,77,203,C,C,B,y挑,交涉,rI重,194,×,×,●,●
徐氏,48,16,80,70,214,C,C,B,攻羧趸,交涉,,197,×,●,×,▲
辛英,42,28,84,76,230,C,C,B,後方支援,口才,,205,×,●,×,×
甄氏,35,4,72,66,177,C,C,C,挑,文化,h征o佐,200,×,×,●,●
u氏,24,6,77,62,169,C,B,C,慰,文化,商I重,184,×,●,×,●
曹,36,2,75,77,190,C,C,B,弓兵守潢,文化,,204,×,×,●,×
O氏,23,22,63,72,180,C,C,B,T速弱化,水,,203,×,×,●,▲
O尚香,76,86,70,63,295,B,B,A,B射,水,弓g{,207,●,×,×,●
O育,29,8,58,54,149,B,C,B,兵守潢,文化,,218,×,×,●,×
O班,56,58,73,64,251,C,C,C,兵速攻,文化,,216,×,×,●,▲
大,57,11,73,78,219,C,C,B,R射指],交涉,商I重,194,×,×,●,×
氏,20,61,37,50,168,B,C,C,周攻,翁,,221,●,×,×,●
春A,60,49,79,72,260,C,B,C,u,g倒,持凶,203,×,●,×,▲
貂s,20,26,81,65,192,C,B,B,妖G,g倒,公正o私,194,×,×,●,●
R,78,88,53,46,265,A,A,B,疾指],,慎重允,197,●,×,×,▲
樊氏,23,22,73,69,187,C,B,B,弓防弱化,交涉,,200,×,×,●,▲
糜氏,22,6,67,70,165,C,C,C,弓速弱化,文化,,194,×,×,●,▲
卞氏,36,24,75,76,211,C,B,C,速弱化,文化,,184,×,●,×,×
U三娘,72,83,56,36,247,B,A,B,速攻命令,巡察,弓g{,220,●,×,×,▲
步,47,10,64,72,193,C,B,B,速攻命令,水,rI重,199,×,●,×,×
⑹,23,8,67,59,157,C,C,C,弓兵煽,rI,,184,×,×,●,▲
瘟峋_,79,88,37,18,222,B,A,A,不屈,,豪猛M,196,●,×,×,▲
奚泥,62,78,35,22,197,A,B,B,火,神速,,217,●,×,×,●
土安,53,82,30,16,181,A,B,C,火,神速,,217,●,×,×,▲
㈦,67,78,42,35,222,B,A,B,兵煽,允,,184,●,×,×,▲
V比能,77,69,52,59,257,B,B,A,攻裘令,神速,,191,●,×,×,▲
丘力居,80,68,56,55,259,B,B,A,守涿令,神速,,184,×,×,●,▲
蹋D,82,84,61,36,263,C,A,A,鼓舞,,,184,×,×,●,●
步度根,64,73,50,49,236,C,C,B,攻弱化,神速,,190,×,×,●,▲
前,65,76,39,31,211,C,B,A,弓速化,神速,,198,×,×,●,▲
於夫_,72,68,21,38,199,B,C,B,攻糁],,,184,×,×,●,●
呼N泉,70,71,40,35,216,B,B,A,守渲],神速,,188,×,×,●,●
⒈,73,74,48,52,247,B,A,A,防弱化,,,192,×,×,●,▲
Sy,63,75,44,25,207,A,B,B,攻化,,,219,×,×,●,▲
潘R,66,79,38,36,219,A,B,C,防化,,,184,×,×,●,▲
M,60,71,51,44,226,B,B,B,火,,,200,×,×,●,●
越吉,78,88,26,35,227,A,A,C,T攻化,神速,,210,●,×,×,▲
俄何戈,61,76,13,21,171,B,A,B,速化,神速,,223,×,×,●,●
雅丹,72,65,78,53,268,B,A,A,T防化,神速,,210,●,×,×,●
端,65,83,48,30,226,C,B,B,速化,神速,,184,●,×,×,▲
乩锛,83,67,52,63,265,B,A,B,T速化,,,210,×,×,●,▲
迷大王,59,69,21,32,181,C,B,C,弓攻化,B,,221,×,×,●,▲
英布,82,91,53,33,259,A,A,B,Y⒂萝S,豪,豪猛M,183,●,×,●,●
范增,67,24,93,80,264,C,C,C,,鬼\,持凶,181,×,●,×,×
芬,98,75,92,89,354,A,A,S,勇略指],威L,公正o私,179,●,×,×,●
良,71,40,100,95,306,C,C,S,王佐,商I,神算鬼\,183,×,●,×,▲
n信,100,73,93,73,339,S,A,S,士op,,g{,183,●,×,×,●
何,31,27,86,99,243,C,C,C,略支援,商I,h征o佐,183,×,●,×,×
邦,87,70,59,83,299,C,C,C,大x指],人德,慎重允,183,×,●,●,●
籍,98,100,69,20,287,S,S,A,古今op,豪,豪猛M,183,●,●,×,●
虞姬,31,18,82,79,210,C,C,C,妖G,交涉,公正o私,183,×,×,●,×
A政,97,61,89,95,342,C,C,B,始皇帝,威L,合理氐,182,×,●,●,▲
白起,100,88,70,14,272,S,S,S,神,威L,豪猛M,180,●,×,×,●
孔丘,68,70,92,87,317,B,C,C,後方支援,文化,和馍,176,●,●,×,×
霍去病,91,93,42,16,242,A,S,A,猛⑼,神速,TR{,184,●,×,×,▲
瞧,94,66,95,96,351,A,B,A,C略vM,鬼\,神算鬼\,177,×,●,×,▲
O,83,1,98,79,261,B,B,S,鬼\,鬼\,神算鬼\,178,×,●,×,▲
尾豁f,72,42,88,89,291,B,C,C,y,商I,,180,×,●,●,×
李信,70,88,43,56,257,A,B,C,⒓豺,翁,,182,●,×,×,×
x,75,22,93,94,284,C,C,B,,g倒,持凶,178,×,●,×,●
熊疑,77,55,83,84,299,B,C,C,煽,交涉,,177,●,×,×,▲
S歇,81,68,84,91,324,B,C,B,攻守指],g倒,兵站管理,180,×,●,●,●
燕,88,80,77,70,315,C,B,A,烈⑼,,豪猛M,181,●,×,×,×
屈原,68,28,84,89,269,C,B,B,挑,文化,h征o佐,179,×,●,×,×
公般,73,20,87,85,265,B,C,B,T兵u,兵器,和馍,176,×,●,×,×
田因R,75,64,81,88,308,B,B,B,u,巡察,,178,×,●,●,▲
田文,79,67,88,93,327,A,B,C,方A,人德,,179,×,●,×,●
田,96,74,95,64,329,B,B,A,火牛,允,公正o私,180,●,×,●,▲
田忌,80,85,41,62,268,S,A,C,突糁],,g{,178,●,×,×,●
u忌,65,48,87,89,289,B,C,B,y挑,商I,和馍,178,×,●,×,×
w雍,84,73,81,81,319,C,A,A,猛射指],,弓g{,179,●,×,×,●
廉H,95,90,77,39,301,A,A,B,Y志豪,巡察,豪猛M,180,●,×,●,▲
A相如,66,39,94,95,294,C,C,C,鬼\,交涉,和馍,180,×,●,×,×
w,74,63,80,77,294,B,B,B,猛⑼,g倒,,180,●,●,×,×
李牧,96,72,86,73,327,B,A,A,允刂],允,慎重允,181,●,×,×,▲
K秦,90,47,97,90,324,B,C,C,Bh,交涉,持凶,178,×,●,×,●
姬平,78,62,79,80,299,C,A,B,突M指],巡察,,179,●,×,×,×
⌒,76,83,32,37,228,B,B,A,攻糁],翁,,179,●,×,●,●
郭隗,69,54,82,87,292,C,B,C,挑,口才,兵站管理,178,×,●,×,▲
魏,73,53,68,72,266,B,B,C,笊,允,,177,×,●,×,×
魏o忌,89,69,85,86,329,B,B,B,Q死指],,,180,●,●,×,▲
涓,79,72,82,78,311,B,A,B,突M指],口才,,178,●,●,×,●
n武,74,61,80,83,298,C,C,C,大火,,,177,×,●,×,×
n非,33,17,90,98,238,C,C,C,守涿令,巡察,商I重,181,×,●,×,×
岳w,99,91,86,31,307,S,A,A,{子^迅,威L,g{,184,●,×,×,▲
紊,97,50,100,96,343,B,B,S,六w秘,g倒,神算鬼\,176,×,●,×,●
管夷吾,84,65,98,100,347,B,B,S,王佐,鬼\,合理氐,176,×,●,×,●
U叔牙,53,46,82,87,268,C,B,C,,文化,商I重,176,×,●,×,●
蒙恬,87,86,71,61,305,A,A,A,猛⑼,,,182,●,×,×,▲
王翦,94,71,82,68,315,A,A,S,攻守指],,弓g{,180,●,×,×,▲
李斯,15,24,88,98,225,C,C,C,略支援,g倒,合理氐,181,×,●,×,×
